CUST_NO,CUST_NM,AGE,BALANCE,JOIN_DATE,ST_CD,PHONE,UNUSED
0001,Asha,25,100.50,2024-01-10,KA,09876543210,
0002,Ravi,30,200.00,2024-02-01,KA,09876543211,
0003,Meera,,150.25,2024-02-29,TN,09876543212,
0003,Meera,40,150.25,2024-02-29,TN,09876543212,
0005,Dev,35,-20.00,2024-03-15,NA,09876543214,
0006,,unknown,,2024-02-30,KA,,
0007,Isha,28,0,2024-04-01,DL,09876543216,
0008,Omar,32,300.00,2024-04-02,DL,09876543217,
0009,"  Tara  ",NULL,invalid,2024-04-03,MH,09876543218,
0010,Zoë,50,119.00,,MH,09876543219,
